Proportion1,Proportion2,Temp_C,Pressure_bar,Alpha_1Hz,Alpha_2Hz,Alpha_3Hz,Alpha_4Hz,Alpha_5Hz,Alpha_6Hz,Alpha_7Hz,Alpha_8Hz,Alpha_9Hz,Alpha_10Hz,Alpha_11Hz,Alpha_12Hz,Alpha_13Hz,Alpha_14Hz,Alpha_15Hz,Alpha_16Hz,Alpha_17Hz,Alpha_18Hz,Alpha_19Hz,Alpha_20Hz,Alpha_21Hz,Alpha_22Hz,Alpha_23Hz,Alpha_24Hz,Alpha_25Hz,Alpha_26Hz,Alpha_27Hz,Alpha_28Hz,Alpha_29Hz,Alpha_30Hz,Alpha_31Hz,Alpha_32Hz,Alpha_33Hz,Alpha_34Hz,Alpha_35Hz,Alpha_36Hz,Alpha_37Hz,Alpha_38Hz,Alpha_39Hz,Alpha_40Hz,Alpha_41Hz,Alpha_42Hz,Alpha_43Hz,Alpha_44Hz,Alpha_45Hz,Alpha_46Hz,Alpha_47Hz,Alpha_48Hz,Alpha_49Hz,Alpha_50Hz,Alpha_51Hz,Alpha_52Hz,Alpha_53Hz,Alpha_54Hz,Alpha_55Hz,Alpha_56Hz,Alpha_57Hz,Alpha_58Hz,Alpha_59Hz,Alpha_60Hz,Alpha_61Hz,Alpha_62Hz,Alpha_63Hz,Alpha_64Hz,Alpha_65Hz,Alpha_66Hz,Alpha_67Hz,Alpha_68Hz,Alpha_69Hz,Alpha_70Hz,Alpha_71Hz,Alpha_72Hz,Alpha_73Hz,Alpha_74Hz,Alpha_75Hz,Alpha_76Hz,Alpha_77Hz,Alpha_78Hz,Alpha_79Hz,Alpha_80Hz,Alpha_81Hz,Alpha_82Hz,Alpha_83Hz,Alpha_84Hz,Alpha_85Hz,Alpha_86Hz,Alpha_87Hz,Alpha_88Hz,Alpha_89Hz,Alpha_90Hz,Alpha_91Hz,Alpha_92Hz,Alpha_93Hz,Alpha_94Hz,Alpha_95Hz,Alpha_96Hz,Alpha_97Hz,Alpha_98Hz,Alpha_99Hz,Alpha_100Hz
60,40,120,3.5,0.17526134854283396,0.20218945583831996,0.22372834594024749,0.24059892619261417,0.241504011337763,0.24942221803139625,0.2651836458567404,0.2669239501227367,0.2658546567920355,0.2754905779957076,0.274599957829538,0.278367253614689,0.2853819243662916,0.2778241801223126,0.28176231452078077,0.2903783383971654,0.29075851431393307,0.29987626495108477,0.29611301749545466,0.29581925883749943,0.3123279510957775,0.30589116435756575,0.3092882024029767,0.3036751610178711,0.3098498650223556,0.3148297255234089,0.310159186306565,0.31937207100372805,0.31601438411807936,0.31903143450077764,0.318905414100058,0.3325541665323131,0.3245616856418769,0.3206371148372238,0.33129730677332125,0.3223038096046514,0.3306422681595011,0.32095778682005993,0.32524330823593556,0.33396808308991965,0.33774849634972837,0.33595954822351765,0.33554638192379527,0.3356175269484501,0.33070641920347504,0.3354543399039617,0.3376843697165506,0.3461875126464311,0.3435154772284714,0.333859577434566,0.3451552152345454,0.3424527007391761,0.3418207547363269,0.34907553520427903,0.3519690443396819,0.3522529810739788,0.34416917572891376,0.3475745152548154,0.35151929609901006,0.355470628451754,0.34891489008962806,0.3510886518442841,0.34718015785310585,0.3474147420557631,0.35813174255403435,0.36151337147481877,0.3550252074399588,0.3610463335378616,0.35847086697674146,0.35406198300617786,0.3597105906772274,0.36620121025323454,0.3589309335942736,0.3675241680299454,0.34718517859649906,0.36496864952773306,0.3618620856362168,0.36049220129449655,0.36299929078949944,0.35314893190396773,0.3625279202264552,0.3659447258737082,0.3720750572390928,0.3626143552925978,0.3616772023347411,0.36371883768421187,0.37130671362815,0.3688698005410931,0.3650679774234339,0.370768365887277,0.3691673047566274,0.3739997854649978,0.3661158071637845,0.3684522524047588,0.36858959754100185,0.3636873263410741,0.37293555258972516,0.37320566170792674,0.3723668645207451,0.37160484211090206
60,40,120,4.0,0.17681203517863683,0.2118886618414602,0.2298874417782213,0.24008350167557707,0.2529794607641608,0.263724268211326,0.27782962239636727,0.2750707766522425,0.2806008917864352,0.2835166593100581,0.2784343013282162,0.2916744441164053,0.2955843751692777,0.31081790301913914,0.3005362099705514,0.30580862386614943,0.3067602221781901,0.3035727492111219,0.31747836305674687,0.31775155361872087,0.32006597809749604,0.3135842196971358,0.3270756440453287,0.3149007577460881,0.3266171752250941,0.3363385018150206,0.3220725836791342,0.32577320337509696,0.3306269455042227,0.32908363609027413,0.32527174111698554,0.33474670159490966,0.33042876430804713,0.33940474274629034,0.3336985721527475,0.34726881099070533,0.3367927948339072,0.34025694096954157,0.3470629356783872,0.33794056643951537,0.3463045742338831,0.35274953170009116,0.3391983182740414,0.3491573258301692,0.3505095542376654,0.3540737864159329,0.3449139211280703,0.34541072956102625,0.3555182047198248,0.35527081268865673,0.3558983707504119,0.35722146429985374,0.35291635224107537,0.35828953335699076,0.3593905202048067,0.35513593449937714,0.36880524701186185,0.3626008528497416,0.3550175725670901,0.3649867819704224,0.357548464038829,0.3670634808574265,0.3696159217292841,0.3604034746955191,0.36999710519939605,0.36790718707775827,0.370606669958944,0.3766237450727823,0.36654685738260007,0.36463001206852713,0.36456715161266884,0.3655430871071886,0.369835666353864,0.37251782073606976,0.37277846922470903,0.37610616436214817,0.37260297086552663,0.3803660195437235,0.37232831385174325,0.3877987334210313,0.3778657275155789,0.3709844863451791,0.3704422356361907,0.378729179571293,0.3757134675336889,0.38090873648370616,0.3802070022736185,0.3779730115406214,0.3745939209630382,0.3717389037093921,0.37756045336066313,0.3845496655950618,0.3818076524649335,0.3749729803552988,0.3825271540470296,0.3840425990914899,0.37814677513450773,0.383780121987866,0.3837434519408739,0.3781740373997358
60,40,120,4.5,0.19678893680174142,0.2279069221982393,0.24812738168784262,0.26047500939297075,0.2580086535938164,0.26812599983878876,0.282084980337469,0.28787792845375537,0.2929994893754627,0.31426365745327367,0.30199372106928835,0.30859595280566554,0.31116434404814974,0.31286975982435283,0.3110327796823664,0.31920684436805885,0.3141807660651395,0.31934315747663056,0.3204485423561374,0.3255123702633297,0.33879522230675946,0.3199059421192619,0.33460408455363183,0.32495754481521233,0.33243434153825663,0.3419420877819186,0.3384577765113761,0.3343270792445754,0.33766328124359574,0.3461101142166397,0.3404843362248416,0.34659729077990054,0.3470792531873078,0.34488988996619646,0.3601265248816542,0.3537998451883188,0.3416944594734115,0.35391063123552813,0.350797528378808,0.3594681658067774,0.35231578197981006,0.35675124683245557,0.36087178195286096,0.36367404361946937,0.3543197693422555,0.3596032769889527,0.359835059237767,0.3598574775746902,0.37284687920425685,0.3669219089884067,0.3594525978381184,0.3711896440987538,0.3780383679451421,0.37340170228505265,0.3614394191196544,0.3673976323362888,0.3769220413131823,0.3678044520281999,0.3743042983049456,0.37668829530551107,0.3688983311431863,0.3739415421695164,0.3587277182450128,0.3704960591917173,0.37502849490731976,0.3707154776443627,0.38576953678974085,0.3711001843808205,0.3766846866402406,0.38016350688785616,0.3873322013172381,0.3735539388872297,0.3871481047728204,0.3819743372781956,0.3775985830839303,0.38539187659939556,0.38464437099511556,0.38120837588325407,0.38511171955399426,0.3833824307148856,0.38641608861412124,0.3896920386109769,0.3948378933183342,0.38123885111205397,0.39860705944471064,0.37868940612674423,0.3881929997866839,0.3923898532474398,0.39134396000316646,0.38731075334482956,0.389863527980323,0.3889137780612614,0.38890147107067247,0.39656079584507503,0.39455743795871007,0.3897625753276536,0.3981751728037908,0.39565910517363256,0.3986278300539498,0.3981481442096181
60,40,140,3.5,0.18113280272316742,0.21257987214319105,0.23672637127536034,0.24853562823774136,0.2550702702415589,0.2636795397326861,0.2761759062581456,0.272628919532793,0.2834375156275605,0.2842668145156083,0.28832864027746424,0.29868978664247625,0.3007991947534016,0.3039581295256048,0.30941429771911755,0.3057947952515341,0.31173243477208,0.3092536945051411,0.31477396963550286,0.3147300620723375,0.3179846870761333,0.32249583098718293,0.31735945796336973,0.3337608383273657,0.3200416917374831,0.3207041695109209,0.3342047085611769,0.3339518943818144,0.3346381766529342,0.33613163079606545,0.3343527132969705,0.3313065037523392,0.3375081945565352,0.33503986092444277,0.34456018087989415,0.34017274094699584,0.33797046420051474,0.3416492082311939,0.3464488957518058,0.34266515414655413,0.3424450614719192,0.34882114287502747,0.34984945619128,0.3470883295495409,0.34824383762722055,0.3527138106327234,0.34524714186386296,0.3463645826434537,0.350705164674367,0.35410754245282045,0.35758933321556147,0.3642548932260055,0.3619936628538668,0.3577174611102575,0.35921896568768874,0.35508393365520885,0.360772697665065,0.36017728393947085,0.36397657174368264,0.3589567480983805,0.36640749385006033,0.372180641292616,0.3646680319808517,0.3679043337866612,0.3700198334006189,0.3652260689725355,0.3690057204569125,0.3685916310523104,0.36965106734424746,0.3659225328599261,0.37052616352098006,0.3735010188771319,0.37886578182879865,0.3769973038813015,0.38354981640450564,0.36952239919141666,0.3782884534786294,0.3754039480755176,0.3859895015729103,0.3715452850501964,0.3719276704547389,0.37366219978892934,0.36656610839383613,0.37507693127556213,0.3744240070414386,0.37947959183451563,0.38093848291852545,0.3891068991888741,0.38496889763319936,0.3778175104433983,0.37668984365314534,0.38411615636986585,0.37552490659806814,0.3917478569670194,0.388947338910269,0.3811590228212111,0.3753892785589479,0.3911697472178543,0.3842685980112697,0.39146685933764513
60,40,140,4.0,0.18841675059491705,0.22349501334051813,0.24412723285944604,0.25682979099050884,0.26403556196509453,0.27731826358899075,0.27556059074340156,0.28598599016297677,0.29241461799138085,0.2989610830591827,0.3040862317951558,0.29868380303446207,0.3001126532658945,0.31739007656620527,0.315659584854355,0.3130584544716986,0.3271895409043289,0.3224945125706838,0.3301607349044909,0.32682948086233754,0.33891455798669073,0.33940786118332555,0.3313168517482528,0.33926786781482127,0.3394097695040184,0.3447293814736324,0.33470064800188715,0.34453494932310297,0.3479208111130324,0.3353073169287396,0.3396087657089873,0.33670772583207903,0.3468932487044548,0.35312449187209427,0.3583074785843966,0.35238961286771653,0.3613521390234448,0.34746674125949545,0.3469784373947631,0.35631714952720206,0.359587601805559,0.35855034418820847,0.34939852394664817,0.36028855633994367,0.355187792763899,0.3660130348011965,0.3654316659129449,0.35981361369481085,0.3628391623050568,0.36098982171304606,0.3668325110123166,0.372764934854875,0.3638878456172901,0.372148497448775,0.3677738697464511,0.3672433274281972,0.37144122265636526,0.3675554766330858,0.37070584352636743,0.368214624464309,0.38474549805454755,0.37580437559857294,0.37282431629428414,0.3780767858409487,0.3771185843047203,0.37723843444540966,0.3820672026591887,0.38342731870974905,0.37762129222456176,0.3780196016870912,0.3801394652750382,0.3706125327083378,0.37514521958994174,0.3901464321992092,0.39211985379556535,0.38322506791918615,0.3879207462214159,0.38715459993065465,0.40154600206020924,0.39229576214525613,0.3865978028193501,0.38299257192425845,0.38026446652520846,0.38983413567441316,0.38554902773389665,0.38272746546525727,0.3871079497295381,0.3854294160858338,0.399763597728743,0.39622133861756864,0.39225316491441514,0.40016739231789455,0.3936240252825205,0.38939525324221747,0.40177686980412197,0.39731056241126905,0.3898798315438811,0.3945598030677203,0.3915743170817201,0.38947489023406723
60,40,140,4.5,0.2121308877376582,0.24715008276874875,0.24821928760287054,0.2705208453162491,0.27414378758799274,0.2828794981195409,0.28904783438023135,0.2934890448507953,0.30316685908365665,0.30334524941794483,0.3129915526447217,0.3151669340575168,0.31769959499635164,0.3175749852576158,0.32222526925272643,0.33168895439472124,0.3330494780759493,0.32813947428633783,0.335872021622429,0.3413599351832571,0.33137490306778505,0.3444590690441203,0.34035966480703006,0.3483741175141264,0.34347770508449116,0.3399729242937592,0.3424986642264829,0.35245622786752884,0.355038412298503,0.3506905423464442,0.3598291316773141,0.34970739752064584,0.3590209949945522,0.3545928107054132,0.35864762389601673,0.3633672434333108,0.36001810558027975,0.3635555819405319,0.3716379247487221,0.3648215397851805,0.37295684623229924,0.36417639476650193,0.3734958664475351,0.37905311075190823,0.36046302887689796,0.369791306890805,0.37759514642947445,0.37460889680734377,0.37837533736970785,0.37437707450002283,0.37868996654715814,0.3783219481865195,0.3857664972683779,0.382011480198803,0.3832242822598004,0.38025941787000767,0.3806494544468867,0.3816800084171956,0.38655746187610596,0.3832102026342631,0.38748185778555877,0.3971161729430526,0.39178967846251667,0.3864878797375495,0.3947974052751053,0.3874140166890791,0.3799168575941934,0.3857104597160367,0.3820309494685962,0.39025223658121916,0.3927179267678553,0.4016154362045033,0.3954669228808664,0.3933276693290533,0.3991531542450874,0.3845256826830397,0.397327145307791,0.40056378623848293,0.38986977790014493,0.403527768915229,0.40004098392533705,0.3968049456688677,0.40257171856813884,0.41128139289521015,0.4013512238467217,0.4021909480558585,0.39915512076416065,0.3976990453676929,0.4065906797472125,0.3986438318143881,0.40376197041820633,0.40149049550073,0.40674319398412545,0.40648109588640463,0.41046006025017434,0.4031770413096831,0.4048277987501577,0.401728788990338,0.40484205315937444,0.40938650246522423
60,40,160,3.5,0.20156272086100455,0.22326995072328776,0.2498379328502723,0.26476196620459874,0.2697419527274981,0.28497688187893244,0.2784186357836856,0.281863502960415,0.2843084274771889,0.30525799933522374,0.3051888745753706,0.305417979027988,0.31057195614006056,0.3067631361091097,0.32761566358143007,0.3188358819532464,0.3213696438886296,0.32693386140760183,0.32805818403174425,0.3290001974655715,0.3260473349739431,0.33437738764567837,0.3433606838619122,0.34252600217971324,0.34553771177817855,0.3367190341927036,0.33596613009238363,0.34186464631150143,0.3442962021291168,0.35096086084209877,0.33845162401263096,0.3559405272070715,0.34883913227267155,0.34879126413226624,0.3471240603365045,0.3451337444951777,0.35871380310428685,0.3561227272754008,0.35043443398172247,0.35150838305025595,0.3573772399533007,0.3684478144440148,0.3598266665789184,0.35460733066080596,0.36187031383488244,0.3626899430971969,0.35150313035664166,0.36563042718274746,0.36564271312958574,0.3711558100354468,0.3777795758622981,0.3750109372889965,0.3688609212850825,0.3654845242163663,0.3846808457434515,0.37289267264847026,0.3734349098045917,0.3739999516985215,0.3758534027458315,0.37487110075652247,0.3734424512444533,0.3742826520214012,0.37754806637205596,0.3756786513204977,0.37550488452867753,0.3802643224704242,0.37911037196075614,0.3885486339913149,0.36840783780953823,0.3877451160388158,0.38913403861217344,0.3731440762588639,0.38239662581942163,0.3828437454208965,0.3782463456433587,0.3819700535679026,0.3808739710676968,0.39574859026394393,0.39221887887255924,0.39444455195194295,0.39223463998585895,0.3835139041600633,0.38706298568398634,0.39265257919010554,0.38460903130474733,0.39479261505299645,0.3905280760488489,0.39035194095504666,0.3962715782832865,0.39542334527914047,0.39187708618079176,0.3999532095291546,0.3892207559951718,0.39817024117246896,0.3985156445965045,0.3944571688851647,0.39808561631561284,0.39064481746510077,0.40196143233356724,0.39685326709556284
60,40,160,4.0,0.20627527378629368,0.24423693458447143,0.2530792959081413,0.2620525815398673,0.27100274345487124,0.28973406368398147,0.28699654612783315,0.30797185849800507,0.2939034927934028,0.31737117073033905,0.3140832447407245,0.3163234479342994,0.3175586286855278,0.32549737302847304,0.32630984128233276,0.33481739656456394,0.33250491927002646,0.3351676482065289,0.3349461879231025,0.33870716033668163,0.3426498272067411,0.33458031500782637,0.33832074538011964,0.35062633353016304,0.34953721694673234,0.3494663070042073,0.3521174349701146,0.3553426005499191,0.3524298902772377,0.35270949073384356,0.35900428454780453,0.35451202283280436,0.36278154665525,0.3535238625719252,0.3684414715105446,0.3668821263776828,0.3669892099671578,0.37178070347029746,0.3763227218138517,0.3741667383467758,0.36096290340420417,0.3648159330950004,0.3691116415583692,0.3733646117885618,0.3767984353687689,0.37153595299127895,0.377032508504846,0.373236097964681,0.3748509078767805,0.37175258383824966,0.375029740268128,0.3737308002242871,0.3764371095840811,0.387396473854225,0.37817816339415355,0.39686960191369586,0.38694296396054245,0.386155868863657,0.38168230115219726,0.39020556332429823,0.38454368325877675,0.3887381069119411,0.40162336652559105,0.3890265867886543,0.3959265911846028,0.38732740031744634,0.3913214267064868,0.4009937833376901,0.3896389626736756,0.4024609356802992,0.3975534834380738,0.39180980465254445,0.39838321359621204,0.40067483311012014,0.3995040650391449,0.38911912451751574,0.39390227552701274,0.39686075598017945,0.3982794308724328,0.40230124807583667,0.4006258957814201,0.3935935523337101,0.4026976873815261,0.4043697462214962,0.40462973369997335,0.40774263764101876,0.40701042492349526,0.40563305650004794,0.40347706099608693,0.3960083351652414,0.4069411192166612,0.40630611005926004,0.40709507793025923,0.39981793136975724,0.4012559667157324,0.4123817764595103,0.40736828654623014,0.41141899994500153,0.4085940002292962,0.40903766958636756
60,40,160,4.5,0.22469141902988,0.24752277592531127,0.2681927293566712,0.27789462268927106,0.28772451929644033,0.2962692644210212,0.30562047285959426,0.30791525559087696,0.32170303157180014,0.31552696348890247,0.32320491029501575,0.32571946931339163,0.3386292246524523,0.33559557745038165,0.3427683486029113,0.3329841964004076,0.3443801434671737,0.3499754044884478,0.34828678004165997,0.3554304014417249,0.34963548722289006,0.3612890052831485,0.36766727421985557,0.3562069313689623,0.35756648826019993,0.3687642571826703,0.3710342371445523,0.36210150299845556,0.36413886570441634,0.36630320242766373,0.3624139168282559,0.3659217380995696,0.3668306901540284,0.36930890387870485,0.3742333799980937,0.37680132373941133,0.3845726748707699,0.37298658945798707,0.38402807269503286,0.3791360549116687,0.38103106712371143,0.3856990265006231,0.37773323545014714,0.38625731637953903,0.38615351241859963,0.3887380394881982,0.3886556290131109,0.4004006244371132,0.3858309080815948,0.3872420156585928,0.38764131497766985,0.3888229487676787,0.3892406513235463,0.39918445863783464,0.40113879018937365,0.3919650712318727,0.391425707701728,0.39869987713822574,0.39432408594280954,0.4009797841271419,0.3995475986053332,0.3916604483748392,0.40767158095200845,0.40959738576386634,0.3982273922118636,0.400015885754507,0.40403680722370716,0.40492317522055876,0.4071776304370897,0.4145608266952574,0.4042410987344373,0.4017417634204346,0.399435689871973,0.403268521773388,0.40734049147480106,0.4170541485456681,0.40606101602206734,0.4103284000272425,0.40968059464868034,0.4162509650664348,0.42348316401723307,0.40872704137377003,0.40946061202501627,0.4176487329915335,0.4163513500195608,0.42268338175303694,0.4168715661884917,0.4126518067610816,0.4178922748179528,0.42096776884684706,0.4200065501380962,0.418915152890092,0.4221816683033393,0.4231592633121982,0.4246831554840724,0.42147067274190503,0.4178415830250402,0.41985617600141606,0.4255960642922968,0.41591532164506384
45,55,120,3.5,0.1746211443221423,0.2009140832825391,0.2206336273644181,0.23937603622361053,0.24363027355147918,0.2508250855569229,0.25048830107430387,0.26681804430710826,0.27142944962741566,0.2835940513943051,0.2753781551188353,0.28179165402086,0.28541903142701525,0.29527784774441895,0.28991042602141115,0.29458488367222196,0.2988621524641879,0.2992380739038902,0.2984209698003081,0.3038512273086674,0.31036786600046856,0.30188746936294314,0.30961540975027146,0.3072982978742425,0.31854701178960576,0.3066591780509407,0.3131195449573186,0.3193796402873223,0.3268451977138451,0.3201611519443791,0.31913794952773905,0.33269856095697137,0.3173891022634853,0.31493163969890287,0.32938465446307197,0.32589775673274346,0.32449178609882373,0.33429791967595557,0.3331032420492837,0.33016338375689036,0.32765464145639683,0.3394649934589685,0.3393756292255298,0.3366271661074996,0.34733221413555054,0.33370313711430444,0.33235993771672584,0.3374423611659303,0.3415694556988516,0.34389147545799315,0.34232861509828977,0.34613838912382916,0.3389476676169045,0.353235976780441,0.34640329083523935,0.35318305963633845,0.35007889007691545,0.35140434322984043,0.35271181534315327,0.35283144561622876,0.35452437507819223,0.35866270937826533,0.35369443857164334,0.35694079396410905,0.35362043497062723,0.36193275740921205,0.3520032965375641,0.36503337121295554,0.3564618970982816,0.3501337062686133,0.35854413472423924,0.35510576913353026,0.363313281534767,0.35643782985436345,0.3580529869508739,0.3514114333511293,0.3591653186987806,0.3498678414136811,0.3546209727893933,0.36688884975769365,0.3675552804588969,0.36628645082507433,0.35985070629973914,0.3649671496032561,0.36570165765375423,0.3604357994561718,0.3742466945484754,0.371612856445673,0.36661195757312076,0.3683364579166829,0.3697238310496249,0.3589478861702119,0.3683901857205683,0.3666806418977587,0.36554203825718806,0.3695993996173049,0.3804433838386499,0.37510459965336235,0.3694854022886188,0.37564069168455855
45,55,120,4.0,0.19088566607181892,0.21861505686985086,0.231899166210456,0.24086020413315729,0.25727700589055874,0.26367144085436206,0.27287465899045327,0.2773737465964931,0.2845609034094181,0.28121271283108606,0.29461512773288306,0.2927950115171134,0.3056595284826989,0.2950557533662649,0.3101778338102833,0.30529044107179465,0.3036766910086441,0.3069967102289479,0.31016251244320014,0.3161127181872966,0.31872499580245833,0.3152626569514166,0.3199398995293433,0.33262136485310884,0.33232060560659626,0.32756784203434086,0.32721528269562866,0.32920484865670213,0.3331962785424366,0.3264870515348631,0.33173817558519947,0.32606096635149157,0.33773639848970405,0.3402727602916281,0.3358797610124196,0.3473890727820678,0.3345802329805767,0.33454537414952085,0.34411760868433866,0.34933037953474594,0.3535869130181518,0.3439193966143343,0.352629138614004,0.3480416141900041,0.3483470037667192,0.35458297174447967,0.3543602890745278,0.34413105184152637,0.3602911986403698,0.360686346093228,0.3515180929911349,0.3574682409195559,0.3587866267803815,0.3584316337003053,0.3551736320690862,0.3553495747498187,0.35934860410118086,0.3660953333414795,0.3636920908260755,0.35985094226682274,0.36628036594320734,0.3488853447355639,0.3695667723361076,0.35580831739338714,0.3633680198461588,0.3602449329699451,0.360022961780367,0.37294391409640515,0.365435291956055,0.37013121229896817,0.36878012086640055,0.37200734266813135,0.3706052843562358,0.3643970997410437,0.3763763493252947,0.3695014652011615,0.36475505191283836,0.37095777335310737,0.38115539697110457,0.3784489962986507,0.3729941301047146,0.3735239856056684,0.3741885228704094,0.3867005574128813,0.37874045872147594,0.37948894224920104,0.38299223142091,0.3795311018990383,0.3775326788242767,0.37833139058739657,0.3794350218239279,0.38008156044089525,0.38437533146246733,0.38146140367789527,0.38532444980385155,0.3817124292923028,0.3829592382670938,0.37302049303547785,0.3880340467221563,0.3856213312683789
45,55,120,4.5,0.19999005054929828,0.21062172267542967,0.2531539989958699,0.25450805099202034,0.27043791451728943,0.2676155954027367,0.2825736735267385,0.2800419208833261,0.28730540614045347,0.30457015676933397,0.2981858565120058,0.30400528897066115,0.31074467388412746,0.3120912130076869,0.31336122043128606,0.31723680327792364,0.3300619700640188,0.32023915652516266,0.32388085532885774,0.33035627154643615,0.3327495591381818,0.3351774196100225,0.3343664347119052,0.32730609960750817,0.3429611585287093,0.33076560783198833,0.33964955374209393,0.3359444238841251,0.34091910805693065,0.3443559375234837,0.3457429554606786,0.34762460160316705,0.354919950333082,0.35041556321179546,0.34818602125857434,0.35545068591817053,0.3577675248513227,0.34684032058599606,0.35709346105189926,0.35871186284435075,0.3547905681551736,0.36420346310634816,0.357596567622796,0.35997314991597645,0.3594558922561151,0.3613536784060648,0.35672841035909575,0.3559238693245873,0.37199213331897624,0.36066219369201025,0.36080005586251207,0.35583338379546137,0.3642327782216314,0.3616239270152594,0.37724634475010627,0.37486788814733324,0.36714673384136054,0.3826049783830153,0.3769940285991724,0.3711909681208213,0.36103595492670887,0.3856938818127791,0.3679861926115402,0.3673910036636043,0.3814041878243338,0.38915315558588326,0.3845288443626353,0.3810704368708855,0.38185868078205193,0.38377688179532726,0.3839204778208414,0.38213920676297375,0.381853291531805,0.38161020633360004,0.37873630339483666,0.3816779838437453,0.3751842884462713,0.3837177621350743,0.37981975359328957,0.37979105211311553,0.3867479726436324,0.39334139667009466,0.391499392267619,0.3795754255880723,0.3829937518885776,0.39315370106429787,0.3840394882941703,0.3883251014650318,0.39268926115961406,0.38558252866961434,0.39143101676283915,0.38470865525996456,0.38884145663563746,0.3939116950306826,0.3848073918612265,0.39542949699375884,0.3935789844319911,0.3968850573413352,0.3956830901300783,0.40182070214986926
45,55,140,3.5,0.18590390029101733,0.21323374963854963,0.23360139076490544,0.24820026705575599,0.2554190785630082,0.2632958612721616,0.2662776233401697,0.27227227188921743,0.2736890023627118,0.2940256614937125,0.2831977301166439,0.2897313763935607,0.2930800766806155,0.3043652032303238,0.3014121552918858,0.3119284864067389,0.30495521679438586,0.3121999990992274,0.30897640260676185,0.3261065229830429,0.31156171515602216,0.3210691494111335,0.3246194457841976,0.3253678974361959,0.32414534035059306,0.32612600907619244,0.32863321155357206,0.32925857090385724,0.33633697315164796,0.34404251825770077,0.3316264882361659,0.328943760711873,0.3366877615238103,0.35132421617027493,0.33566620937295677,0.34910361188172684,0.3504864542548595,0.34048819623091886,0.34722915387635406,0.3536257600262167,0.34466052474481396,0.3465848050170561,0.3457162187659932,0.3445492617729322,0.3473526414299821,0.3454338596121239,0.3526579809126457,0.3495520353600433,0.35546631533958295,0.3473952999803615,0.35768919654864373,0.36104575694930235,0.3477366865249994,0.3603874366093125,0.36545239168956867,0.3540483753849418,0.36922812527921545,0.3637156721809018,0.35883791966320017,0.3628140574278536,0.3666023958414631,0.3648969736846652,0.3679056126853678,0.36129240721076966,0.36741591756224373,0.36016359884743976,0.3673291277411169,0.3640091308410775,0.3654850371385545,0.37596804765525565,0.3758601632526567,0.37405671802544055,0.36614849996646054,0.3706189075024014,0.37884939261684375,0.37406772157405643,0.38552349799493446,0.37645382724379767,0.37600073248927207,0.37404119415595966,0.3767939841895542,0.3758968138342467,0.38072613039882813,0.3824892179679389,0.3742897230466673,0.37207145813434567,0.3700486761741232,0.3822660016273574,0.3746999454113997,0.3699375757569479,0.38312481003254195,0.3941215580994973,0.3820957180754719,0.38678301701000584,0.3834592850994004,0.3830104528157789,0.3885503336193411,0.382949012626084,0.3861782588078923,0.3868862668087579
45,55,140,4.0,0.19304843662067364,0.2314521002029696,0.24322621557737809,0.2528161622242209,0.26896843854034275,0.26971167401829804,0.2810395986771602,0.2866522926048622,0.29724261766197924,0.2987623800532887,0.30040302261098567,0.30839584498965283,0.31473426186465914,0.313790743988472,0.31404977789367394,0.3102417059927306,0.31410821271133943,0.32039001587744614,0.3212166879733754,0.32555703194035973,0.32889406798676635,0.33327962074289313,0.3322091786003527,0.33684252127918046,0.3365052618301433,0.3280088908542013,0.3348285883356939,0.3403842542445027,0.33658021496457896,0.34710065801083617,0.35317881243403465,0.3529976959793661,0.3471730685220266,0.3569904112773642,0.35153903060992703,0.3503337091100275,0.3501420479778837,0.35285490011812926,0.3535544654988327,0.3574469691335626,0.35847014446611175,0.35872904802944605,0.3619204252955793,0.36668738791143934,0.3664579109436299,0.3552401822147968,0.35082906900795086,0.36918461218264403,0.35857410339966317,0.3651620623130274,0.3612953413683857,0.3589793210644687,0.37152378948999176,0.373424040672699,0.36754260583467974,0.3582524801287844,0.36924515221487564,0.3746907082721954,0.36607953220923267,0.37512081352614907,0.37484532314410063,0.3785245153367197,0.37692084567631784,0.37214154158286983,0.3836630820614969,0.37755063457794097,0.3788598464614219,0.3749734403641466,0.37805738670665684,0.3764746793201801,0.38064999346117934,0.3906806809327275,0.3758616691862777,0.37524425387260285,0.39125086686552696,0.38342362973120875,0.38169259771283753,0.39079787259491733,0.38312352031924873,0.39582793615581796,0.39062702013345024,0.38533071708653205,0.39908323919282385,0.38578824288006036,0.39304125832036474,0.3913351969152781,0.3968495205977447,0.39864471208754004,0.391487910298709,0.3880460504810905,0.3945928888356938,0.3893790947746839,0.4033041199819155,0.39438435090427243,0.3923346416612132,0.3955394137221703,0.3883304308678649,0.39065342626558514,0.401954477888366,0.3931044174940319
45,55,140,4.5,0.20226544508659028,0.24028626332903452,0.2611406462452812,0.2713007656861216,0.28237723886263094,0.28153114959551706,0.2849007506677165,0.3053156669589718,0.30131085174972183,0.3062458349177248,0.3182802392250678,0.3181992746517658,0.3211737740910917,0.3329378152923292,0.3218915347536674,0.33255119890599866,0.33082995776231283,0.3343702119046469,0.34301770222734557,0.3401421783478462,0.3424134098686401,0.34710480476876965,0.34184801995404485,0.3413250758344656,0.34206995489709857,0.33916555185020175,0.36091741206560035,0.3466997613056135,0.35263353167196676,0.3538280589725216,0.35817320287247273,0.3620936838946871,0.3636537614295875,0.35773250451138083,0.3610711958660955,0.36454314982917024,0.3630767167757818,0.373515087541781,0.3690613354608412,0.3713803880630453,0.3720927920153106,0.3756922983272167,0.3717519533514772,0.3653611079088395,0.3748196911362976,0.37051899869919824,0.3720667023848229,0.3785559438313342,0.3827110233600195,0.3775033583172822,0.37980118267278845,0.3876114090866561,0.38113135285752175,0.3937477915531989,0.3843638171775821,0.3735149889048409,0.3868541936727718,0.3857485912807076,0.39103396493462816,0.3886810317947142,0.38534070358115785,0.38061767776837857,0.3863889386589281,0.3838653951273422,0.38588871841526196,0.39239728557628994,0.3984570027918397,0.39272424891973856,0.3854054937635496,0.3942328173425264,0.39860899230513575,0.39018433512153,0.393162200178681,0.3944966129467436,0.3910816347737588,0.39882276139729844,0.3955443317742093,0.3988071224885832,0.3928252482400337,0.39562170719757733,0.40196040867700383,0.39701721947791285,0.4080426284937745,0.3979297476781152,0.4015653162001887,0.40561279928372224,0.3943600965971967,0.393144223155113,0.39481071909164084,0.40923717146106836,0.40064484850264714,0.4166697791628968,0.40152705686210655,0.40573554187595506,0.4129829102917242,0.4157575877447525,0.41648469130980653,0.4126644387222152,0.4121838320888123,0.41046263474600586
45,55,160,3.5,0.20166958315861097,0.22512484876253322,0.24139890883263249,0.25796690462351923,0.266823855098755,0.2733267625695058,0.285769519016487,0.2928633025198247,0.2936440631531695,0.30516542818305414,0.29620860072293276,0.3047276050861417,0.30558800140544745,0.3030578982602363,0.31497350025413245,0.31758103850145386,0.3283899186318158,0.32645908671088225,0.3205322037514146,0.3371512401758468,0.33610487572879644,0.3349305343773415,0.3328181408852879,0.33100170576532095,0.3357107447646263,0.34471885567338045,0.3503370857233496,0.3502097985533606,0.341573330458742,0.339891816083299,0.3476183783957611,0.33945057878195417,0.3512450103364904,0.35018765655051,0.34985439970346416,0.34543451251817253,0.3571659507173258,0.3530926332411492,0.3510346543018763,0.3436224658441658,0.3589185889244981,0.3689639648009166,0.3694309194084758,0.3598375641434651,0.36008796885350325,0.3663974322263103,0.3599956363754081,0.3674108610144339,0.3706277871725526,0.3738094443308012,0.36803402500517163,0.36835974339037286,0.3658154518040739,0.36688275198987536,0.37068165226769456,0.3744334080124787,0.37793318647619323,0.3701046823806698,0.3823264217867898,0.3742372848109293,0.3762039248071123,0.37328088833186407,0.3655906314217713,0.3828160021579718,0.3827533329275255,0.3783255335463736,0.3807202116339848,0.3836083651369219,0.37384995756707057,0.379642318392472,0.38687493604779444,0.3772395803050584,0.38557785345065654,0.3779180407277584,0.3876160540291154,0.3856809295943695,0.37835119121549843,0.39281093481911167,0.38386752902283167,0.38403551429190025,0.38962912565179747,0.394902349763293,0.3846064779204932,0.3905141056332058,0.39286375285085995,0.39469315093845025,0.39261191081602576,0.39039090579737806,0.38857882733902543,0.39363274813694216,0.3883212219499591,0.3795498080948603,0.3968088716539596,0.39961023734317863,0.38373547612895337,0.390956247558185,0.39955072250942825,0.40718786269558577,0.3974452657759098,0.3941377630716321
45,55,160,4.0,0.20797440668336467,0.24586627055102792,0.25337119346523246,0.2650989279884339,0.2763721717115806,0.2819373708859597,0.29401204447028856,0.30732127988043106,0.30592853619840155,0.30762712137825743,0.3115691010601337,0.3089910594501681,0.32469877300530836,0.3231125064716487,0.3255956152265039,0.34526642499370563,0.3334275455685447,0.33065718414874357,0.3346324610031441,0.34473411700127077,0.34167717041496964,0.33593976707952267,0.3496578171635242,0.34356929263235453,0.35804937863718034,0.3557864640145439,0.3497886558264939,0.36000977383178634,0.3554679662314215,0.3608648827364662,0.3604487223587885,0.35517210344592515,0.35752253371509035,0.3671865846810202,0.3616218166633837,0.3625008966494076,0.3609334483988416,0.3689852438785372,0.3783079741877545,0.3637572234504137,0.3702883718442262,0.3782749207057561,0.371837527490619,0.3754960155187563,0.3688981726256889,0.3773062075430845,0.3751629533574379,0.3819416626048469,0.383845427149564,0.39173370753258385,0.3825440723647504,0.3821182048352796,0.38228839735685444,0.3803624334071323,0.3846175770556217,0.38223068453881376,0.3853186793374861,0.3918196759232224,0.3809413772267051,0.39240340673289853,0.39400744772666496,0.3875377152037589,0.37821366933920414,0.3864677763518054,0.39666519728598004,0.3907289421315813,0.38649985799749703,0.3896159055533715,0.3969768980951372,0.39613236073132146,0.3928200632649479,0.3927880164729423,0.39326238415571535,0.391200009939494,0.4044718936754061,0.39535864577091134,0.40362375401026457,0.4057049294175492,0.40364315250867283,0.397039786024493,0.4017560412284369,0.400149296095306,0.39627818882284566,0.4029386139036851,0.39593558250451916,0.40827713095555346,0.40051772766425875,0.40434295438326995,0.4052443289111109,0.40301861496430097,0.40772649712837467,0.4028931533403318,0.41009367023156856,0.39947177584762505,0.40729314731550575,0.4168106571881372,0.4025644056924855,0.40462277160551413,0.41102194759693844,0.40978679779858684
45,55,160,4.5,0.2217531504963678,0.25254893521713645,0.2708857328147751,0.2857544983425774,0.2919460937182445,0.29660883676527167,0.3078726725074393,0.31980840837367047,0.31476108221201965,0.3151273534766468,0.3296746718622574,0.3273162187849945,0.3205309875006135,0.3388499119535759,0.33493248497579853,0.3399593318540717,0.3447047937906725,0.34647974890922595,0.35142261918097806,0.3479255677135489,0.35478745846427234,0.352944534694301,0.35986683600619684,0.36109796159122587,0.3551168073569808,0.36692724537795696,0.3604565591903285,0.36875609212562765,0.36807623635690234,0.37690304385594187,0.36801883947156805,0.36876841385139963,0.37175429595835013,0.37163199279005416,0.37840651394473784,0.3675486970345458,0.37155176031096776,0.37263934505378504,0.3838579986625178,0.38875906599570587,0.3807561395792862,0.38148082042384,0.3836971063735245,0.3901546591616597,0.3806844857065815,0.38746762808183133,0.39208577394248395,0.39062959458725793,0.3899675160858451,0.39490223089643756,0.37724085614479747,0.3949897109611345,0.3891572085444418,0.3840862114980146,0.3965922819470493,0.4016870954264349,0.3949002429941107,0.40110717209230845,0.40514659245415763,0.4043896973062846,0.40673280614793367,0.40294980640518485,0.4003112231398661,0.3926081683389029,0.4000610232236358,0.3977381605776059,0.4134621938575717,0.4023714622084619,0.40450093310764795,0.40726723088162803,0.4053438471037698,0.4142085048452806,0.4032190392033734,0.4078962092492838,0.4037937734106798,0.4014812466719756,0.40559022706272174,0.40902427628380594,0.4076161980064578,0.4068468937998251,0.4038169145695058,0.41096585737522817,0.4043842073674524,0.41622820842463615,0.4133540913361018,0.40616208762703215,0.41240587987661254,0.41068748518706394,0.4165348732165872,0.42212650317404826,0.4065282768838806,0.4169539131302926,0.41604763087756036,0.4206694857422222,0.4188383436700732,0.4144672766452627,0.4170819037482914,0.41514247828523204,0.424943555152748,0.42010655824335974
50,50,120,3.5,0.21228373120654281,0.23257747327510278,0.2469478694151917,0.25541520494750986,0.2636590798300999,0.27267222310111466,0.28862321503426086,0.2956304015931218,0.2902960752115496,0.3072529693481584,0.30450174103518307,0.31142986744246803,0.3222332161497386,0.32187477792492925,0.3190442504438168,0.3187338149162939,0.31506359290895863,0.3247092616918963,0.3295974866789222,0.32794487970841996,0.33434342241570814,0.33740430527479226,0.33782628147049665,0.33754888904482105,0.3434150520048152,0.34648481582270657,0.3404621588064623,0.354548242810731,0.34852463690625207,0.3505841513644683,0.35545501927748785,0.3544588562660859,0.35939485493513273,0.35736129030801245,0.35412239533960316,0.360215545480537,0.35387931914787396,0.3612989359683414,0.36171808852720544,0.3619431926242113,0.3634134758925567,0.35569346159007964,0.3633809987970316,0.36758726993210206,0.3688983111152992,0.36391518524130545,0.37631610277567307,0.36657102727426405,0.37664467178326283,0.3748107500207381,0.37030365883835237,0.3832546666043053,0.3692371805790743,0.3806129246281247,0.3818169583174171,0.3742434794330146,0.3853275898453486,0.37787034456107677,0.3813064470883915,0.38189451200999824,0.38063921757150176,0.38607098809340207,0.38667927632589705,0.37465311530997564,0.3905908146564541,0.3764197113917863,0.3905479890695687,0.3916621947325394,0.3812078547004273,0.38523351033943054,0.3823750893072556,0.38743642226946096,0.38756989236889466,0.39359925241222216,0.3968354478475458,0.39783755605980675,0.3886160101621345,0.3909411286781032,0.38412329594571715,0.38905742614449124,0.39845053783113005,0.4022370771338906,0.3885138426559856,0.3922433850882015,0.39558764156441245,0.39762842869623255,0.3926816854400314,0.3993463502151151,0.3953475817069145,0.39812976736731887,0.40141333824990566,0.399188671861388,0.39744414318053845,0.39954251411811853,0.4001083235106359,0.39915484593232403,0.4001609708910668,0.40989362119955086,0.405145894477239,0.401300376187632
50,50,120,4.0,0.21737366091144258,0.24232279100650697,0.26746663754878836,0.2759430989826756,0.2832493786024697,0.29394259855630467,0.2905443121299721,0.2985640502435342,0.3033435148008261,0.3146036043627074,0.32669073240213686,0.3329635142246145,0.32847347962677637,0.331005914831435,0.3224927261236934,0.3315875181558113,0.33299486226717506,0.33631190140796396,0.34092352989124786,0.3416314355668014,0.3362143193104019,0.3518707082516972,0.3446979573619492,0.3531062473806053,0.3640533031048426,0.3507893007280386,0.34437382769105596,0.3571746709137103,0.3656334868537774,0.3713927516319581,0.3568773103000541,0.3668873828370621,0.36341373059277743,0.36650703882159374,0.38151741005900164,0.36200428732364187,0.37197775960306134,0.37420571440939715,0.3784242812162355,0.3745848037890396,0.37670752725838297,0.37425557509157004,0.3785813691530731,0.37651819516002066,0.38231799971570357,0.3783166203768281,0.3829841766519716,0.3818666985580227,0.38853874814560113,0.38352892070454836,0.37578074415764817,0.3917988307559388,0.3817878143446547,0.3838594331779417,0.3849468513680958,0.39557988205536304,0.37879800338624453,0.40592043091348257,0.3962543740984336,0.3928202084978991,0.39214740238688417,0.39455582821300256,0.3964285559761438,0.39773296421702786,0.3979582468831917,0.396291185849352,0.39550967705743495,0.396383413741245,0.3967992565608511,0.4040675433746499,0.40198250737220076,0.3849201953586944,0.4035006787835833,0.40178574183558036,0.40130147144582945,0.4000276558515236,0.40815852500606714,0.40783598146855127,0.399787209678815,0.40623314902370594,0.39987910710404745,0.3983721833033159,0.4026631120035465,0.4106287848569909,0.4115964066871986,0.4099041611137322,0.4114662930849908,0.4109180475394805,0.4056204815772655,0.41147275255619115,0.4137950757471367,0.4140391282725123,0.41668175060165563,0.4147431934848641,0.4134184904554816,0.4174667633844279,0.4124334560192681,0.4086021232019998,0.41263707352892515,0.4101643756648567
50,50,120,4.5,0.22162410862512813,0.25438040621282054,0.26875002586696645,0.28366619148460104,0.28542892709883294,0.3038815935752291,0.3095158313782368,0.31122355554385345,0.32372047928609454,0.32968785068813283,0.32110146919397764,0.3291045007119315,0.33254862348174724,0.33491328806227955,0.3467565001152269,0.34444286757172854,0.34672231793127434,0.3405079386882969,0.35605245024632903,0.34890670759213077,0.35752159262472355,0.36062915277201163,0.36797607658095255,0.35647702217556504,0.3496964400880997,0.3674165825208503,0.3771389323234531,0.3759105348989191,0.37228809686626874,0.37025394454380606,0.37817178236661386,0.3706472668334683,0.37923318283456986,0.38067524250005874,0.384707853972522,0.3944285502712842,0.3837822522425934,0.3804335415331435,0.38397858914169003,0.3763606196083507,0.3828048200165283,0.3852785168492246,0.3857264035682857,0.3901070420087874,0.3862091517156234,0.39688093650477985,0.3922108211181628,0.3930776221318657,0.3923801344202868,0.3956729538528968,0.3998825089331318,0.3922646832849255,0.3941370045147027,0.3967207458384136,0.3923069143320584,0.3957225134020126,0.3982063811995259,0.40571474525985746,0.4033980078092241,0.40378307459520213,0.4077874733119166,0.40355231000782843,0.40688637919500265,0.4051018886337263,0.40761814741128377,0.40404060026612904,0.39541339447870055,0.4075794954596922,0.41599864975422524,0.4141408810126337,0.4149528222948634,0.416913903252158,0.4117755739668528,0.4129097505101257,0.4094178668619983,0.41150099494794395,0.41672792826610394,0.42022888245489215,0.4140654777506392,0.41305805237493737,0.41585114168214804,0.4193874189830173,0.40968853515693976,0.405947023840502,0.41518920832397144,0.412346282994786,0.4164112242736253,0.4187093656209296,0.41767275861937625,0.4276865886162863,0.422537863055121,0.4228811545326097,0.4249593305756106,0.41661861977106607,0.42796791946598617,0.4228483018712796,0.4270295765128306,0.41876332140404876,0.4167947256296747,0.4290894482901252
50,50,140,3.5,0.21715982540826537,0.24087051957238836,0.25864158784337055,0.28111095083264787,0.27922771874704305,0.30130626758242196,0.29528447810596414,0.30877873610501405,0.30905893634296533,0.3182937149331895,0.3166964762830293,0.3223819378521788,0.32687670888544007,0.3248796440666942,0.33659102541044655,0.33312370821101234,0.33717967033890506,0.33583328141506585,0.3303414695790841,0.3444256385311751,0.35956278435923433,0.35344306729948854,0.3513542594808651,0.35198444780289706,0.35518410810904183,0.35951070815073566,0.3525100901171323,0.3655651893853441,0.36509448414487966,0.36658083187828366,0.3666063258552537,0.36589085889823836,0.37049347794540066,0.37138474015071016,0.3679143786581002,0.368040018990022,0.37260723166078724,0.38100123819693477,0.3681887031021582,0.36814615058181177,0.37737996765593396,0.37785714532684794,0.37949133165758847,0.38084281141593906,0.3794830178821382,0.3890028781389456,0.37448304367896695,0.37925941639143523,0.3837811119798839,0.3769588341556088,0.3851555233654111,0.3951854629698978,0.38780979717933645,0.3896706582886681,0.38301322290133927,0.38701477343820045,0.3889892814434072,0.39003200165029034,0.3987711979170111,0.3958813581197678,0.38825347149416933,0.3957494706197632,0.3977029414656199,0.4015965203687728,0.40447181687490524,0.3921567003728253,0.39383097049180876,0.3922407797538284,0.39799258755596845,0.40211937365143513,0.4053402852326308,0.4006312723026921,0.40001082617354916,0.40295973971211907,0.3986081896087977,0.41380683061433077,0.39588854515943567,0.4054109409413045,0.4151585180029701,0.4056207756997722,0.40517608449063525,0.4048719359020973,0.4062836286065732,0.41456994875734865,0.3971603607925595,0.41639479140861624,0.40210991727738893,0.40839278334662255,0.4080705563407758,0.4136447950705639,0.40319129525046843,0.41396742384274304,0.4222476207496056,0.4057746931147836,0.41399866914471456,0.41019499019275163,0.41608438723536745,0.41449612423410603,0.4116338626923113,0.41771713920213316
50,50,140,4.0,0.23541062943782262,0.2555373694966505,0.27769980407159606,0.28012852323232934,0.29150370743840076,0.30656604531665516,0.3183192730329944,0.31847595433201153,0.32024784968020564,0.3263853459160057,0.32427611873486284,0.3373295901254283,0.34219488943118964,0.33874124079254736,0.3416478040556596,0.3481302783027417,0.34725018234651334,0.3515854763260904,0.3647628579300044,0.35525675995155703,0.3568191176021747,0.35739344794293376,0.3662826323481479,0.363503892193959,0.3629360245644856,0.3744927438473357,0.37662328032735587,0.3681025741944173,0.36329598892198145,0.3791385828100398,0.37210190914351615,0.38085701471669337,0.3683897637881185,0.383999767284611,0.37473983367751257,0.3856729595609503,0.3832804266347706,0.3795975514535867,0.38346016802690497,0.3900264803064687,0.3881967468264386,0.3916358828310414,0.39961793736942497,0.3829129484789524,0.3997962031412664,0.39318645174466244,0.389104754440845,0.3878614444977527,0.39446289493785514,0.4008941398821131,0.39650816089679486,0.4055449979036056,0.3915605973987101,0.3995678201319555,0.3941631906162477,0.40302585100263383,0.4064108114066246,0.4006278792767774,0.3904530207699677,0.4051987546612358,0.40710556514863316,0.4076495316135228,0.4125018547933579,0.4016516178890324,0.41108130508042673,0.4143058200054657,0.400103431238939,0.41123803928910746,0.4077528988075761,0.4104910795248064,0.41325310617848815,0.40968599571144804,0.4093426345051265,0.4134828229494267,0.40845878553374493,0.40904112247254215,0.4184348278209197,0.4098543789821437,0.41948316052247914,0.41901084405235306,0.4086083571328009,0.4143824508655823,0.4242672451417332,0.4139109898393787,0.41700876014877125,0.42214903847950513,0.42425776669716375,0.4195794616736833,0.418340338579922,0.42892498914131394,0.43098752643998617,0.42766196187735345,0.42366377445710757,0.4196603456406542,0.4200090273849909,0.4272285827191746,0.42715805341995683,0.43251948942287055,0.4292046588113246,0.41887348738008984
50,50,140,4.5,0.2427597380886146,0.26261269642982604,0.28329226911220445,0.2989570001640547,0.3173753378825217,0.33086471781839116,0.32504341929710656,0.3268930156055924,0.33559677918633524,0.3419382771293692,0.34003593038803653,0.3543941813843241,0.3500446890266407,0.3546015190132808,0.35843874716584045,0.3600199313186648,0.3647395946401754,0.359940984577596,0.3625838513255527,0.3621022284015396,0.37191943562649304,0.3756369505997812,0.3759616479325187,0.3838935863378983,0.37726602077305854,0.3823410430750443,0.3751778720352022,0.38028030462184986,0.3872174885777245,0.38945763602568195,0.38516633464510636,0.3876570015727003,0.3817620252543847,0.38886274570019247,0.3963587202526265,0.39600627515726156,0.39682350101360553,0.3957272280975858,0.3966417764957908,0.394404393435429,0.4022725277729862,0.401929793761737,0.40330693979792265,0.39921509343528083,0.39205453677817814,0.4092615467269259,0.4023155985135297,0.40131024491734313,0.4099870025624213,0.40543693723400626,0.4135566995300267,0.4121853641113634,0.4133454335760813,0.4039095974262942,0.4175959888763564,0.41362505535678934,0.41124109987101815,0.414559741693005,0.40570402499972286,0.4173583890957677,0.4108861259601663,0.4099758175206077,0.4098222590142687,0.42368143927333834,0.4156450186958216,0.4271230321037694,0.41742847295482116,0.4122141014826589,0.4158022868739822,0.4281888621014604,0.4218463439822242,0.42049181316067386,0.4246323771413095,0.42693208565393537,0.4305931204186823,0.4328238553775438,0.4243502292883028,0.42007922183863783,0.42519538332342777,0.4291104012321088,0.42352970725681194,0.42409563066389644,0.4311267486453568,0.4296846668483359,0.4306058775484872,0.4271573684508564,0.430299921690833,0.42732710149367537,0.4368899927201152,0.43810049761755127,0.4241731999209189,0.4292312284335935,0.4268656485799431,0.4315626656879354,0.434855170679933,0.4284788972054642,0.4315678743609979,0.431602820708842,0.4380998561067497,0.43784672168518124
50,50,160,3.5,0.22416909001109153,0.2587648817048729,0.2727565028268077,0.28662550135894377,0.30604203866287233,0.31229520807509387,0.3057896755945655,0.322235438566368,0.32725901149416825,0.32203646133401476,0.3360109345123746,0.34338556197460307,0.3335593889772394,0.33780306724053033,0.35047521101756346,0.3495472525974986,0.3535800512918028,0.3550079743701109,0.3576066174777014,0.35124841670262047,0.36523629578427697,0.3678679958221373,0.36280360765919695,0.3655815171998691,0.359916241132203,0.37184638635494877,0.3737744414022473,0.3721826258270031,0.3796393443670259,0.37381951709484434,0.3797369767906731,0.37319445391630784,0.37951141101119534,0.3800538981924892,0.3833111218230101,0.38156039321033974,0.38394058720611896,0.3898863732966663,0.38470041729423665,0.37995089140688065,0.39780408297077846,0.3970099772110203,0.38466330986020836,0.3955715844526225,0.39058415530255547,0.39537099702259054,0.39645868421641706,0.3947298625137549,0.3928785574526972,0.3942220729497984,0.3939538358101652,0.3952190011001055,0.39986947328760997,0.3974383538145209,0.40522430705576534,0.4100328112550775,0.4004649971381768,0.40531759963674846,0.40736140449350694,0.40795291417073853,0.40669053761843493,0.4107303588194018,0.41012307748653926,0.40220746306453004,0.41341489376400975,0.4141686255182984,0.40656882752696755,0.41121835822563946,0.41507933181555867,0.4112410126813067,0.4182685028885154,0.42533038989400146,0.4101801336266485,0.40779572673510656,0.4168029970949722,0.41946694953148767,0.41527251842580215,0.424253541363431,0.4108474579082057,0.42155136959213024,0.4155969755618483,0.42775605254718596,0.42964816378122583,0.41637242344504927,0.4179718846696642,0.4255255623370336,0.41979404979069207,0.42199898890313353,0.4228437205449811,0.41360366294072204,0.423612728279416,0.4207079216420125,0.42216045852117245,0.4323087231550917,0.41926760383526634,0.43007092701547456,0.4250601365527433,0.4255015845045481,0.43129315671779134,0.42947803425062225
50,50,160,4.0,0.24174195387498654,0.27383281175795127,0.2849444724449385,0.29603370434914633,0.30336013668970174,0.31257696127735846,0.3381441650168582,0.33542128549176714,0.32755776800178127,0.33227659910517104,0.34543748771330385,0.3495433374805412,0.3530276432961594,0.3522269134889442,0.35587074349444253,0.3609402847752782,0.3623632460581829,0.3533196375354818,0.3656152508312958,0.3647348562839854,0.37198687545682335,0.38805745198412656,0.37689908081801965,0.37534236462918746,0.3832918972659789,0.3827996631220167,0.38412573775704684,0.3866389449891891,0.39541140650293216,0.38094657218422556,0.39039321865637344,0.3847719810709718,0.39351784610838886,0.3874433480356839,0.39120885925589105,0.3930436893944281,0.4005881448923119,0.40145952077028196,0.3917667627093069,0.3993695585766844,0.39661937528711655,0.39492129337530224,0.40115064919472565,0.4016917425952285,0.4163437226981509,0.4073294711838498,0.39921058717868946,0.4041891426055929,0.41301541336888725,0.4192281031868404,0.4017159899374927,0.4010896013266736,0.42067130172582673,0.41407633575804026,0.4085836941789315,0.41638083702012113,0.40129763576105365,0.41524856577816843,0.41761319591731877,0.4213253646249424,0.4123523926285029,0.41855649364573105,0.4141958207039491,0.4207838050656492,0.41570349294135933,0.4188027782472747,0.41651729218502037,0.4253954613686308,0.4270660535458977,0.4222255900405275,0.4242059137355966,0.417379181458848,0.42372279166090054,0.4255610377767778,0.43949898068320875,0.4214104129880972,0.4348588475998993,0.43308264302526595,0.43005478004038367,0.4379909900090589,0.4315979181397882,0.4322160701056002,0.43053109486140856,0.4374346619071702,0.4373131276293726,0.4292103475757646,0.42624457817775685,0.4323222529169275,0.42982769673139193,0.4339955169597446,0.44098021879441895,0.43298116334801046,0.4355230668377245,0.4364917879229007,0.4409034038288001,0.4258815655229227,0.4345325608416869,0.43906791491953573,0.4444528031307782,0.43642937665135784
50,50,160,4.5,0.24061723646979064,0.28320155679622877,0.29453531352783807,0.3042576658373444,0.3167752734850358,0.3268924982500851,0.33148608067873464,0.329281168413699,0.34990958192836813,0.3563743752063936,0.35739687847252005,0.3522296962526384,0.36038687756094606,0.3645801969916765,0.3706030978533777,0.37375370070918285,0.3693740231439349,0.37593722829239845,0.3801617621183591,0.387382111177132,0.38574446217251557,0.38818755151909823,0.38659191674140614,0.39507341989717815,0.3918428148470013,0.38719189524621395,0.40015322626652466,0.39820531949691707,0.39402457968425325,0.39531466063497,0.4006190471091311,0.4028309218083285,0.40283785531594485,0.40470443507143994,0.41290659130790947,0.41098796583790315,0.40777335036302464,0.4126849125655185,0.4039438411850122,0.41219563438253026,0.4203249174206391,0.4112346995628282,0.4091086759148632,0.4110848232056535,0.40987308619082247,0.41235197362751885,0.4153572453006216,0.4110962886416655,0.4190976996725994,0.42440838630253513,0.41621823670905905,0.42919675398168877,0.4249815474027168,0.42839227891041715,0.4207470961801637,0.42909142883595314,0.42012781606527255,0.43079403686047624,0.4279443978631821,0.4305813811382883,0.42265501047295245,0.42476381973844235,0.4329201960366251,0.4258762573772677,0.4336073671247812,0.4251187045218856,0.436848351333416,0.4270882746967811,0.4366464087621232,0.4376379586696557,0.43164197577975966,0.4386433824785505,0.4376344973287134,0.4342289626921339,0.43246335291878896,0.4282682307697162,0.44039732275374666,0.4313854464122378,0.44023943012625066,0.4389917576187831,0.4442442157650559,0.43987115774092234,0.44026057030587196,0.44608728212762966,0.4446171827168498,0.4450306249102707,0.44629826321090454,0.4367704065989813,0.44872294406442625,0.4484865949140005,0.44082072358922686,0.44515838036618455,0.44665175841725535,0.44664030143796124,0.4494416603617275,0.45538395721311276,0.45408600706498864,0.44256151160209245,0.4526738694112853,0.45664466659767705